<?xml version="1.0" encoding="utf-8"?>
<selector xmlns:android="http://schemas.android.com/apk/res/android">
    <item>
        <layer-list>
            <item>
                <shape>
                    <gradient
                        android:startColor="#f1f1f1"
                        android:endColor="#f1f1f1"
                        android:angle="270" />
                    <stroke
                        android:width="0.5dp"
                        android:color="#f1f1f1" />
                    <corners
                        android:startColor="#f1f1f1"
                        android:endColor="#f1f1f1"/>
                    <padding
                        android:left="3dp"
                        android:top="3dp"
                        android:right="3dp"
                        android:bottom="3dp" />
                </shape>
            </item>
<!--            <item-->
<!--                android:top="10dp"-->
<!--                android:right="15dp">-->
<!--                <bitmap android:src="@drawable/dropdown_arrow"-->
<!--                    android:gravity="top|right" />-->
<!--            </item>-->
        </layer-list>
    </item>
</selector>